<?xml version="1.0" encoding="UTF-8"?>
<!DOCTYPE Runtime SYSTEM "http://admin.brightcove.com/dtds/beml_rt.dtd">
<Runtime>
  <Theme name="Deluxe" style="Light"/>
  <Layout width="640" height="612" boxType="vbox" padding="3">
        <Image width="200" height="48" source="http://img.brightcove.com/brightcove-logo-sm.png"/>
        <ChromelessVideoPlayer id="videoPlayer" video="{videoList.selectedItem}" />
        <TitleLabel text="{videoPlayer.video.displayName}" height="40" size="24"/>
        <Label text="{videoPlayer.video.shortDescription}" height="20" size="11"/>
        <TabBar id="playlistTabs" height="22"/>
        <TileList id="videoList" height="130" columnWidth="120" rowHeight="125" numColumns="3" numRows="3" data="{playlistTabs.selectedItem.videoDTOs}">
          <ListItem width="120" padding="3" boxType="vbox">
            <ThumbnailButton source="{currentItem.thumbnailURL}" width="114" height="85"/>
            <TitleLabel width="114" height="20" text="{currentItem.displayName}" size="11" truncate="true"/>
          </ListItem>
        </TileList>
  </Layout>
</Runtime>
