<?xml version="1.0" encoding="UTF-8"?>
<!DOCTYPE Runtime SYSTEM "http://admin.brightcove.com/dtds/beml_rt.dtd">
<Runtime>
  <Theme name="Deluxe" style="Light"/>
  <Layout width="640" height="468" boxType="vbox" padding="3">
    <VBox padding="3">
      <Image height="58" width="200" source="http://img.brightcove.com/brightcove-logo-sm.png"/>
      <Spacer height="10"/>
      <ChromelessVideoPlayer id="videoPlayer"/>
      <Label height="44" size="40" text="Video rocks"/>
    </VBox>
  </Layout>
</Runtime>
