<?xml version="1.0" encoding="UTF-8"?>
<!DOCTYPE Runtime SYSTEM "http://admin.brightcove.com/dtds/beml_rt.dtd">
<Runtime>
	<Theme name="Flat" style="Dark">
		<Style class="Label">
			<![CDATA[
  .bodyText  {
    active: #660000;
  }
			]]>
		</Style>
		<Style class="VideoPlayer">
			<![CDATA[
			.video {
  background: http://img.brightcove.com/logo-corporate.png;
}
.playerChrome {
  gradientTop: #333333;
  gradientMiddle: #99CCCC;
  gradientBottom: #CCFFFF;
  border: #ff0000;
}
			]]>
		</Style>
		<Font name="Gill Sans Italic" />
	</Theme>
 	<Layout width="486" height="416">
 	   <VBox padding="3">
			<VideoPlayer id="videoPlayer" />
		<Label height="60" text="Video Rocks!" size="40" font="Gill Sans Italic" />
  	   </VBox>
	</Layout>
</Runtime>
