<?xml version="1.0" encoding="UTF-8"?>
<!DOCTYPE Runtime SYSTEM "http://admin.brightcove.com/dtds/beml_rt.dtd">
<Runtime>
  <Theme name="Minimal" style="Dark" bodyFont="Arial">
    <!-- Style for all buttons -->
    <Style class="Label"><![CDATA[
.bodyText  {
  active: #660000;
  fontFace: "Arial Bold";
  fontSize: 14;
}
  ]]></Style>
    <!-- Style specific to the player -->
    <Style id="videoPlayer"><![CDATA[.title { text:#FF0000;}]]></Style>
    <!-- Style specific to the Label -->
  <!-- Import a font -->
  </Theme>
  <Layout boxType="vbox" width="955" height="550" padding="3" backgroundImage="http://img.brightcove.com/brightcove-logo.png">
    <HBox>
      <VBox width="480" height="512">
        <Image width="480" height="40" scaleMode="exactFit" source="http://img.brightcove.com/brightcove-logo.png"/>
        <VideoPlayer id="videoPlayer" width="480" height="412" video="{playlist.selectedItem}"/>
        <TitleLabel text="{videoPlayer.video.displayName}" height="40" size="24"/>
        <Label text="{videoPlayer.video.shortDescription}" height="20" size="15"/>
      </VBox>
      <VBox width="438" height="430">
        <TabBar id="playlistTabs" height="22"/>
        <TileList id="playlist" columnWidth="120" rowHeight="125" data="{playlistTabs.selectedItem.videoDTOs}" numColumns="3" numRows="3">
          <ListItem width="120" padding="3" boxType="vbox">
            <ThumbnailButton width="114" height="85" source="{currentItem.thumbnailURL}"/>
            <TitleLabel width="114" height="85" text="{currentItem.displayName}" size="11" truncate="true"/>
          </ListItem>
        </TileList>
      </VBox>
    </HBox>
  </Layout>
</Runtime>